Flooding,List-RBP
-0.12099825413350167,-0.43975701675791445
-0.6798861832906211,-1.6123599479677744
-1.864171920961574,-3.010299956639812
-3.010299956639812,-Inf
