Flooding,LBP,List-RBP,Local-RBP,RBP,Random-RBP,iLBP
-0.17844297472685425,-0.2491918896747722,-0.21770517689323376,-0.19983220349576294,-0.2199444102254255,-0.22041619012780286,-0.429682857810384
-1.1700056250283757,-1.4310881764083123,-1.3192184645168432,-1.3587312177740196,-1.3052063460919385,-1.3174530373625823,-1.8163409786206253
-3.0512585643187333,-3.563141925297635,-3.3290587192642085,-3.466231912289508,-3.2109594071862335,-3.1973865999969715,-3.864171920961616
-5.010299956640207,-4.709269960976226,-Inf,-Inf,-Inf,-5.010299956640207,-Inf
