Flooding (tanh),SPA LBP,SPA LRBP (0.9),SPA RBP (0.9),SPA RRBP (0.9),SPA iLBP
-0.23029197038258348,-0.2659756741418274,-0.24904988572740314,-0.2545510900373932,-0.2563106229257096,-0.454589786920777
-1.3289622201010896,-1.5008286045372634,-1.6743475294276868,-1.6700938765997897,-1.6782117668219692,-1.901284186128681
-3.2833012287035497,-3.7035176320867396,-4.505149978319906,-3.013788284485633,-3.143422142302313,-4.079181246047625
-Inf,-4.982271233039569,-4.982271233039569,-3.369487376319833,-3.7269987279362624,-Inf
