Flooding (tanh),SPA LBP,SPA LRBP (0.9),SPA RBP (0.9),SPA RRBP (0.9),SPA iLBP
-0.22836843054635983,-0.263858571209526,-0.21405831217037777,-0.22056225001895768,-0.2218777035469583,-0.45459391031544694
-1.3397038397292702,-1.5111673656175995,-1.4932244633933567,-1.4045037781744258,-1.4231981041710875,-1.9030899869919435
-3.167491087293764,-3.5228787452803374,-3.619788758288394,-2.8664610916297826,-2.9746941347352296,-4.221848749616356
-4.698970004336019,-Inf,-Inf,-3.4685210829577446,-3.552841968657781,-Inf
-Inf,-Inf,-Inf,-4.221848749616356,-4.221848749616356,-Inf
