Flooding (tanh),SPA LBP,SPA LRBP (0.9),SPA RBP (0.9),SPA RRBP (0.9),SPA iLBP
-0.2288021626828616,-0.26452885276101556,-0.21353962427398207,-0.2204756566752101,-0.2223702159370462,-0.4529394531454345
-1.3361107013773386,-1.5132862240175144,-1.4932244633933567,-1.4062710012920892,-1.420788219768501,-1.8938091027365846
-3.309803919971486,-3.6989700043360187,-4.045757490560675,-2.9355420107730814,-3.0,-4.3979400086720375
-5.0,-Inf,-Inf,-3.5086383061657274,-3.4814860601221125,-Inf
