Flooding (FAST),RBP (FAST)
-0.4025769331192594,-0.504987148417891
-1.3925659212757937,-1.7372986845760743
-3.0808810309255077,-4.010299956639713
-4.533178701920544,-Inf
