Flooding (FAST),RBP (FAST)
-0.4025769331192594,-0.5007748585459934
-1.3925659212757937,-1.6955902636846385
-3.0808810309255077,-3.2394479449976443
-4.533178701920544,-3.7315463556868584
