Flooding (FAST),List-RBP (FAST)
-0.4025769331192594,-0.50421453900177
-1.3925659212757937,-1.727904451897287
-3.0808810309255077,-4.232148706256563
-4.533178701920544,-Inf
