Flooding (FAST),RBP (FAST)
-0.40381110619716387,-0.5013260705245204
-1.3915199321335967,-1.7000315900073655
-3.152967460208527,-3.3290587192642085
-Inf,-3.9311187105921706
